﻿<?xml version="1.0" encoding="utf-8" standalone="no" ?>
<modDesc descVersion="92">
  <author>LS-Farmers</author>
  <version>1.0.0.0</version>
  <title>
    <en>Fuel Level Warning</en>
    <de>Tankwarnung</de>
  </title>
  <description>
    <en>
    <![CDATA[Description: This mods adds an acoustic warning to your motorized vehicle.
Warning starts in case your tank level is below 20%.
It works for diesel, methane and electric engines.
GitHub link: https://github.com/oschuhm/FS25_FuelLevelWarning
]]></en>
    <de>
    <![CDATA[Beschreibung: Akustische Tankwarnung bei weniger als 20% Tankinhalt.
Das ganze funktioniert für Diesel-, Methan- und Elektromotoren.
Ihr erhaltet somit eine akustische Warnung bevor ihr mit eurem Fahrzeug liegen bleibt.
GitHub-Link: https://github.com/oschuhm/FS25_FuelLevelWarning
]]></de>
  </description>
  <multiplayer supported="true"/>
  <iconFilename>icon_fuelLevelWarning.dds</iconFilename>
  <extraSourceFiles>
    <sourceFile filename="register.lua"/>
  </extraSourceFiles>
</modDesc>
